{
  "start_value": 132603921,
  "run_count": 47,
  "peak": 142953943.61339343,
  "peak_run": 1,
  "last_step": 0,
  "last_zone": "ORANGE",
  "under_peaks": {
    "hynix": 2919000.0,
    "micron": 1211.3800048828125,
    "sandisk": 2322.001708984375
  },
  "under_peak_alerted": {
    "hynix": 0,
    "micron": 0,
    "sandisk": 0
  },
  "peak_date": "2026-06-25",
  "runs_since_peak": 39,
  "peak_krw": 158154272.18189323,
  "peak_step": 0,
  "underlying_peaks": {
    "hynix": 2917000.0,
    "micron": 1213.56005859375,
    "sandisk": 2335.0
  },
  "underlying_flagged": [
    "hynix",
    "sandisk"
  ]
}