{
  "start_value": 112585014.3406582,
  "peak": 112585014.3406582,
  "last_step": 0,
  "last_zone": "GREEN"
}