{
  "start_value": 112585014.3406582,
  "peak": 115733129.94416943,
  "last_step": 0,
  "last_zone": "GREEN",
  "run_count": 5,
  "peak_run": 1
}