{
  "start_value": 112585014.3406582,
  "peak": 120491847.61540946,
  "last_step": 0,
  "last_zone": "GREEN",
  "run_count": 7,
  "peak_run": 7
}