{
  "start_value": 132603921,
  "run_count": 139,
  "peak": 142953943.61339343,
  "peak_run": 1,
  "last_step": 0,
  "last_zone": "RED",
  "under_peaks": {
    "hynix": 2919000.0,
    "micron": 1211.3800048828125,
    "sandisk": 2322.001708984375
  },
  "under_peak_alerted": {
    "hynix": 0,
    "micron": 0,
    "sandisk": 0
  },
  "peak_date": "2026-06-25",
  "runs_since_peak": 131,
  "peak_krw": 158154272.18189323,
  "peak_step": 0,
  "underlying_peaks": {
    "hynix": 2987000.0,
    "micron": 1254.8069810301963,
    "sandisk": 2354.389892578125
  },
  "underlying_flagged": [
    "hynix",
    "sandisk"
  ],
  "lastpx_hynix_lev": 13110.0,
  "lastpx_muu": 34.290000915527344,
  "lastpx_snxx": 18.020000457763672,
  "lastpx_sndu": 28.799999237060547
}